DBN,School Name,Overall Attendance Rate,Remote Instruction Attendance Rate*
01M015,P.S. 015 Roberto Clemente,89.5,NA
01M019,P.S. 019 Asher Levy,93.3,NA
01M020,P.S. 020 Anna Silver,87.3,NA
01M034,P.S. 034 Franklin D. Roosevelt,84.6,54.4
01M063,The STAR Academy - P.S.63,89.6,NA
01M064,P.S. 064 Robert Simon,87.8,s
01M110,P.S. 110 Florence Nightingale,92.6,NA
01M134,P.S. 134 Henrietta Szold,89.1,NA
01M140,P.S. 140 Nathan Straus,85.3,NA
01M142,P.S. 142 Amalia Castro,86.7,NA
01M184,P.S. 184m Shuang Wen,97.3,s
01M188,P.S. 188 The Island School,85.2,NA
01M292,Orchard Collegiate Academy,81.6,NA
01M315,The East Village Community School,95.4,NA
01M332,University Neighborhood Middle School,88.6,100.0
01M361,The Children's Workshop School,94.1,NA
01M363,Neighborhood School,95.1,NA
01M364,Earth School,89.7,NA
01M378,School for Global Leaders,90.7,s
01M448,University Neighborhood High School,91.5,NA
01M450,East Side Community School,93.0,s
01M458,Forsyth Satellite Academy,52.6,NA
01M515,Lower East Side Preparatory High School,61.7,NA
01M539,"New Explorations into Science, Technology and Math",96.2,NA
01M650,Cascades High School,45.8,s
01M696,Bard High School Early College,94.8,NA
01M839,Tompkins Square Middle School,94.5,s
02M001,P.S. 001 Alfred E. Smith,90.0,NA
02M002,P.S. 002 Meyer London,94.5,NA
02M003,P.S. 003 Charrette School,94.7,NA
02M006,P.S. 006 Lillie D. Blake,95.9,s
02M011,P.S. 011 William T. Harris,94.8,NA
02M033,P.S. 033 Chelsea Prep,92.1,NA
02M040,P.S. 040 Augustus Saint-Gaudens,89.7,NA
02M041,P.S. 041 Greenwich Village,96.4,NA
02M042,P.S. 042 Benjamin Altman,95.1,NA
02M047,47 The American Sign Language and English Secondar,84.0,100.0
02M051,P.S. 051 Elias Howe,88.5,NA
02M059,P.S. 059 Beekman Hill International,84.4,NA
02M077,P.S. 77 Lower Lab School,98.2,100.0
02M089,P.S. 89,97.2,s
02M104,J.H.S. 104 Simon Baruch,96.8,92.9
02M111,P.S. 111 Adolph S. Ochs,89.0,s
02M114,East Side Middle School,98.1,s
02M116,P.S. 116 Mary Lindley Murray,91.7,NA
02M124,P.S. 124 Yung Wing,98.3,NA
02M126,P.S. 126 Jacob August Riis,94.9,NA
02M130,P.S. 130 Hernando De Soto,97.2,NA
02M131,M.S. 131,94.3,NA
02M135,The Urban Assembly School for Emergency Management,80.2,NA
02M139,Stephen T. Mather Building Arts & Craftsmanship Hi,80.6,93.6
02M150,P.S. 150,96.8,100.0
02M151,Yorkville Community School,93.7,s
02M158,P.S. 158 Bayard Taylor,95.4,99.2
02M167,J.H.S. 167 Robert F. Wagner,96.6,100.0
02M177,Yorkville East Middle School,96.4,96.7
02M183,P.S. 183 Robert L. Stevenson,97.4,100.0
02M198,P.S. 198 Isador E. Ida Straus,94.0,NA
02M212,P.S. 212 Midtown West,93.2,93.5
02M217,P.S./I.S. 217 Roosevelt Island,95.8,98.9
02M225,Ella Baker School,94.7,NA
02M234,P.S. 234 Independence School,97.7,100.0
02M255,M.S. 255 Salk School of Science,97.4,NA
02M260,The Clinton School,97.4,NA
02M267,"East Side Elementary School, PS 267",94.8,100.0
02M276,Battery Park City School,96.8,NA
02M280,Manhattan Early College School for Advertising,86.4,NA
02M281,The River School,94.0,s
02M282,Urban Assembly Maker Academy,85.7,29.8
02M288,Food and Finance High School,86.1,NA
02M289,I.S. 289,96.6,s
02M290,P.S. 290 Manhattan New School,95.7,NA
02M294,Essex Street Academy,86.6,NA
02M296,High School of Hospitality Management,76.4,NA
02M297,M.S. 297,93.4,NA
02M298,Pace High School,84.3,NA
02M300,"Urban Assembly School of Design and Construction,",85.3,NA
02M303,"Facing History School, The",85.6,s
02M305,"Urban Assembly Academy of Government and Law, The",86.6,100.0
02M308,Lower Manhattan Arts Academy,86.4,NA
02M312,New York City Lab Middle School for Collaborative,98.1,NA
02M313,"James Baldwin School, The: A School for Expedition",54.1,100.0
02M316,"Urban Assembly School of Business for Young Women,",80.6,NA
02M340,Sixth Avenue Elementary School,94.5,99.4
02M343,The Peck Slip School,94.3,NA
02M347,The 47 American Sign Language & English Lower Scho,88.5,NA
02M374,Gramercy Arts High School,89.2,87.8
02M376,NYC iSchool,96.5,NA
02M391,District 2 Pre-K Center,87.6,NA
02M392,Manhattan Business Academy,84.5,NA
02M393,Business Of Sports School,84.2,NA
02M394,Emma Lazarus High School,85.8,NA
02M397,Spruce Street School,95.9,98.3
02M399,The High School For Language And Diplomacy,80.4,NA
02M400,High School for Environmental Studies,87.4,NA
02M407,Institute for Collaborative Education,92.8,NA
02M408,Professional Performing Arts High School,94.3,NA
02M411,Baruch College Campus High School,95.6,NA
02M412,N.Y.C. Lab School for Collaborative Studies,96.1,NA
02M413,School of the Future High School,95.6,100.0
02M414,N.Y.C. Museum School,96.9,NA
02M416,Eleanor Roosevelt High School,97.3,s
02M418,Millennium High School,98.0,0.0
02M419,Landmark High School,80.1,NA
02M420,High School for Health Professions and Human Servi,91.7,s
02M422,Quest to Learn,87.3,s
02M425,Leadership and Public Service High School,69.8,NA
02M427,Manhattan Academy For Arts & Language,81.9,NA
02M432,Murray Hill Academy,84.1,s
02M437,Hudson High School of Learning Technologies,82.9,100.0
02M438,International High School at Union Square,84.9,NA
02M439,Manhattan Village Academy,96.7,NA
02M442,"Ballet Tech, NYC Public School for Dance",97.5,NA
02M449,Vanguard High School,85.7,s
02M459,Manhattan International High School,82.5,NA
02M475,Stuyvesant High School,98.8,NA
02M489,High School of Economics and Finance,87.7,NA
02M500,Unity Center for Urban Technologies,82.7,NA
02M507,Urban Assembly Gateway School for Technology,88.3,NA
02M519,Talent Unlimited High School,92.5,NA
02M520,Murry Bergtraum High School for Business Careers,80.4,NA
02M527,P.S. 527 - East Side School for Social Action,96.5,s
02M529,Jacqueline Kennedy Onassis High School,83.8,NA
02M531,Repertory Company High School for Theatre Arts,93.1,100.0
02M533,Union Square Academy for Health Sciences,74.2,0.0
02M534,Harvest Collegiate High School,78.4,NA
02M542,Manhattan Bridges High School,87.3,NA
02M543,New Design High School,79.6,NA
02M544,Independence High School,33.1,NA
02M545,High School for Dual Language and Asian Studies,98.4,NA
02M546,Academy for Software Engineering,84.1,100.0
02M550,Liberty High School Academy for Newcomers,78.5,NA
02M551,Urban Assembly New York Harbor School,92.0,NA
02M560,High School M560 - City As School,59.2,NA
02M565,Urban Academy Laboratory High School,93.0,NA
02M570,Satellite Academy High School,55.5,NA
02M575,Manhattan Comprehensive Night and Day High School,50.5,s
02M580,Richard R. Green High School of Teaching,78.9,NA
02M586,Harvey Milk High School,67.7,100.0
02M600,The High School of Fashion Industries,85.8,s
02M605,Humanities Preparatory Academy,92.0,NA
02M615,Chelsea Career and Technical Education High School,81.5,NA
02M630,Art and Design High School,89.9,s
02M655,The High School for Climate Justice,76.3,100.0
02M896,Lower Manhattan Community Middle School,96.3,100.0
02M933,City Knoll Middle School,88.7,NA
03M009,P.S. 009 Sarah Anderson,97.3,97.5
03M054,J.H.S. 054 Booker T. Washington,96.6,NA
03M075,P.S. 075 Emily Dickinson,92.3,NA
03M076,P.S. 076 A. Philip Randolph,87.6,91.9
03M084,P.S. 084 Lillian Weber,95.2,NA
03M087,P.S. 087 William Sherman,98.2,NA
03M145,"P.S. 145, The Bloomingdale School",89.1,s
03M149,P.S. 149 Sojourner Truth,89.9,NA
03M163,P.S. 163 Alfred E. Smith,91.7,NA
03M165,P.S. 165 Robert E. Simon,87.8,NA
03M166,P.S. 166 The Richard Rodgers School of The Arts an,96.3,s
03M180,P.S. 180 Hugo Newman,92.5,100.0
03M185,The Locke School of Arts and Engineering,87.3,NA
03M191,The Riverside School for Makers and Artists,86.4,NA
03M199,P.S. 199 Jessie Isador Straus,97.3,100.0
03M241,STEM Institute of Manhattan,87.8,NA
03M242,P.S. 242 - The Young Diplomats Magnet Academy,82.0,61.7
03M243,M.S. 243 Center School,98.4,NA
03M245,M.S. M245 The Computer School,96.8,NA
03M247,M.S. M247 Dual Language Middle School,94.4,NA
03M250,M.S. 250 West Side Collaborative Middle School,84.4,s
03M256,Lafayette Academy,90.6,NA
03M258,Community Action School - MS 258,86.8,NA
03M291,West End Secondary School,89.5,s
03M299,The Maxine Greene HS for Imaginative Inquiry,75.7,NA
03M307,"Urban Assembly School for Media Studies, The",83.9,100.0
03M333,P.S. 333 Manhattan School for Children,93.1,s
03M334,The Anderson School,98.4,NA
03M402,The Urban Assembly School for Green Careers,79.9,NA
03M403,The Global Learning Collaborative,84.2,NA
03M404,Innovation Diploma Plus,47.6,NA
03M415,Wadleigh Secondary School for the Performing & Vis,86.7,NA
03M417,Frank McCourt High School,93.4,NA
03M421,West Prep Academy,91.5,s
03M452,P.S. 452,93.4,s
03M479,Beacon High School,95.4,s
03M485,Fiorello H. LaGuardia High School of Music & Art a,97.3,NA
03M492,"High School for Law, Advocacy and Community Justic",85.4,NA
03M494,High School of Arts and Technology,84.5,s
03M505,Edward A. Reynolds West Side High School,51.8,NA
03M541,Manhattan / Hunter Science High School,97.7,NA
03M859,Special Music School,94.4,s
03M860,Frederick Douglass Academy II Secondary School,84.9,NA
03M862,Mott Hall II,93.3,s
04M007,P.S. 007 Samuel Stern,84.9,NA
04M012,Tag Young Scholars,95.4,NA
04M037,River East Elementary,86.5,NA
04M038,P.S. 38 Roberto Clemente,83.2,NA
04M057,James Weldon Johnson,89.5,NA
04M072,The Lexington Academy,86.9,NA
04M083,P.S. 083 Luis Munoz Rivera,91.5,NA
04M096,P.S. 096 Joseph Lanzetta,86.9,NA
04M102,P.S. 102 Jacques Cartier,84.1,s
04M108,P.S. 108 Assemblyman Angelo Del Toro Educational C,88.3,NA
04M112,P.S. 112 Jose Celso Barbosa,85.7,100.0
04M146,P.S. 146 Ann M. Short,88.5,95.3
04M155,P.S. 155 William Paca,86.3,NA
04M171,P.S. 171 Patrick Henry,92.9,NA
04M182,The Bilingual Bicultural School,90.5,NA
04M206,P.S. 206 Jose Celso Barbosa,86.0,NA
04M224,M.S. 224 Manhattan East School for Arts & Academic,89.1,NA
04M310,The Judith S. Kaye School,56.5,NA
04M372,Esperanza Preparatory Academy,78.3,98.0
04M375,Mosaic Preparatory Academy,86.6,s
04M377,Renaissance School of the Arts,90.3,NA
04M435,Manhattan Center for Science and Mathematics,94.7,91.7
04M495,Park East High School,95.9,NA
04M497,Central Park East I,89.7,NA
04M555,Central Park East High School,96.8,NA
04M610,Young Women's Leadership School,86.1,93.0
04M680,"Heritage School, The",85.1,s
04M825,Isaac Newton Middle School for Math & Science,91.9,NA
04M964,Central Park East II,89.3,s
05M030,P.S. 030 Hernandez/Hughes,82.7,75.0
05M036,P.S. 036 Margaret Douglas,85.4,NA
05M046,P.S. 046 Arthur Tappan,83.0,s
05M092,P.S. 092 Mary McLeod Bethune,86.1,88.5
05M123,P.S. 123 Mahalia Jackson,83.1,NA
05M125,P.S. 125 Ralph Bunche,92.6,NA
05M129,P.S. 129 John H. Finley,84.7,NA
05M133,P.S. 133 Fred R Moore,84.7,NA
05M148,Eagle Academy for Young Men of Harlem,61.3,NA
05M154,P.S. 154 Harriet Tubman,87.7,NA
05M157,The Urban Assembly School for Global Commerce,75.3,NA
05M161,P.S. 161 Pedro Albizu Campos,85.5,NA
05M175,P.S. 175 Henry H Garnet,87.4,NA
05M194,P.S. 194 Countee Cullen,85.2,NA
05M197,P.S. 197 John B. Russwurm,88.3,NA
05M200,P.S. 200- The James McCune Smith School,76.0,NA
05M285,Harlem Renaissance High School,42.1,NA
05M286,Urban Assembly Academy for Future Leaders,87.9,NA
05M304,Mott Hall High School,70.8,NA
05M318,Thurgood Marshall Academy Lower School,88.2,NA
05M362,Columbia Secondary School,95.3,NA
05M369,Urban Assembly School for the Performing Arts,78.7,s
05M371,School of Earth Exploration and Discovery Harlem (,77.3,s
05M499,Frederick Douglass Academy,78.2,NA
05M514,New Design Middle School,82.7,NA
05M517,Teachers College Community School,91.0,NA
05M670,Thurgood Marshall Academy for Learning and Social,91.0,NA
05M692,"High School for Mathematics, Science and Engineeri",96.2,NA
06M004,P.S. 004 Duke Ellington,84.1,NA
06M005,P.S. 005 Ellen Lurie,88.0,NA
06M008,P.S. 008 Luis Belliard,90.1,NA
06M018,P.S. 018 Park Terrace,90.7,NA
06M028,P.S. 028 Wright Brothers,89.3,95.5
06M048,P.S. 048 P.O. Michael J. Buczek,90.7,NA
06M052,Harold O. Levy School,89.6,NA
06M098,P.S. 098 Shorac Kappock,86.5,NA
06M103,Dos Puentes Elementary School,94.7,NA
06M115,P.S. 115 Alexander Humboldt,89.1,83.0
06M128,P.S. 128 Audubon,85.9,NA
06M132,P.S. 132 Juan Pablo Duarte,83.0,NA
06M143,J.H.S. 143 Eleanor Roosevelt,88.6,NA
06M152,P.S. 152 Dyckman Valley,88.2,NA
06M153,P.S. 153 Adam Clayton Powell,89.1,100.0
06M173,P.S. 173,89.1,s
06M178,Professor Juan Bosch Public School,91.4,s
06M187,P.S./I.S. 187 Hudson Cliffs,93.6,100.0
06M189,P.S. 189,91.8,NA
06M192,P.S. 192 Jacob H. Schiff,88.3,NA
06M209,Hamilton Grange Middle School,90.9,NA
06M210,P.S./I.S. 210 - Twenty-first Century Academy for C,90.9,NA
06M211,Inwood Early College for Health and Information Te,92.5,NA
06M223,The Mott Hall School,93.5,NA
06M278,Paula Hedbavny School,92.6,93.1
06M293,City College Academy of the Arts,89.0,100.0
06M311,Amistad Dual Language School,90.5,80.6
06M314,Muscota,97.3,100.0
06M319,M.S. 319 - Maria Teresa,88.4,100.0
06M322,Middle School 322,89.5,NA
06M324,M.S. 324 - Patria Mirabal,90.2,NA
06M328,Community Math & Science Prep,86.1,NA
06M346,Community Health Academy of the Heights,91.0,NA
06M348,Washington Heights Expeditionary Learning School,88.2,100.0
06M349,Harbor Heights,90.3,NA
06M366,Washington Heights Academy,87.4,NA
06M368,The William Lynch School,90.9,NA
06M423,High School for Excellence and Innovation,70.4,NA
06M462,The College Academy,78.6,100.0
06M463,High School for Media and Communications,82.4,NA
06M467,High School for Law and Public Service,76.3,NA
06M468,High School for Health Careers and Sciences,87.4,s
06M513,Castle Bridge School,92.6,NA
06M528,I.S. 528 Bea Fuller Rodgers School,90.4,NA
06M540,A. Philip Randolph Campus High School,79.6,100.0
06M552,Gregorio Luperon High School for Science and Mathe,85.0,NA
07X001,P.S. 001 Courtlandt School,89.1,100.0
07X005,P.S. 5 Port Morris,91.8,100.0
07X018,P.S. 018 John Peter Zenger,89.7,NA
07X025,P.S. 025 Bilingual School,88.0,NA
07X029,P.S./M.S. 029 Melrose School,87.6,s
07X030,P.S. 030 Wilton,90.1,NA
07X031,P.S./M.S. 031 The William Lloyd Garrison,89.4,77.3
07X043,P.S. 043 Jonas Bronck,91.3,93.6
07X049,P.S. 049 Willis Avenue,89.7,s
07X065,P.S. 065 Mother Hale Academy,83.4,NA
07X154,P.S. 154 Jonathan D. Hyatt,90.8,s
07X157,P.S. 157 Grove Hill,86.3,NA
07X161,P.S. 161 Juan Ponce De Leon School,86.2,s
07X179,P.S. 179,89.6,100.0
07X221,South Bronx Preparatory: A College Board School,93.6,100.0
07X223,The Laboratory School of Finance and Technology: X,92.2,s
07X224,P.S./I.S. 224,89.4,NA
07X259,"H.E.R.O. High (Health, Education, and Research Occ",78.4,NA
07X277,P.S. 277,92.0,NA
07X296,South Bronx Academy for Applied Media,88.4,s
07X298,Academy of Public Relations,86.9,NA
07X334,International Community High School,82.3,NA
07X343,Academy of Applied Mathematics and Technology,91.2,NA
07X359,Concourse Village Elementary School,93.8,100.0
07X369,Young Leaders Elementary School,88.7,100.0
07X379,Jill Chaifetz Transfer High School,56.8,NA
07X381,Bronx Haven High School,53.4,NA
07X427,Community School for Social Justice,76.3,NA
07X473,Mott Haven Village Preparatory High School,79.0,98.8
07X495,University Heights Secondary School,94.9,NA
07X500,Hostos-Lincoln Academy of Science,87.1,NA
07X522,Bronx Design and Construction Academy,80.1,s
07X527,Bronx Leadership Academy II High School,80.2,NA
07X533,Learning through Play Pre-K Center,88.4,NA
07X548,Careers in Sports High School,81.1,NA
07X551,The Urban Assembly Bronx Academy of Letters,78.5,NA
07X557,Mott Haven Community High School,54.1,100.0
07X584,I.S. 584,82.3,NA
07X600,Alfred E. Smith Career and Technical Education Hig,85.8,NA
07X625,Walkabout Bronx High School,85.7,NA
07X670,Health Opportunities High School,82.7,s
08X014,P.S. X014 Senator John Calandra,89.9,NA
08X036,P.S. 036 Unionport,90.6,78.9
08X048,P.S. 048 Joseph R. Drake,81.6,NA
08X062,P.S. 062 Inocensio Casanova,88.8,NA
08X069,P.S. 069 Journey Prep School,90.2,78.4
08X071,P.S. 071 Rose E. Scala,91.6,NA
08X072,P.S. 072 Dr. William Dorney,87.1,NA
08X075,P.S. 75 School of Research and Discovery,87.0,43.6
08X093,P.S. 093 Albert G. Oliver,85.6,NA
08X100,P.S. 100 Isaac Clason,88.2,85.4
08X101,M.S. X101 Edward R. Byrne,95.0,s
08X107,P.S. 107,85.0,NA
08X119,The Dr. Emmett W. Bassett School,89.6,87.5
08X123,J.H.S. 123 James M. Kieran,90.4,NA
08X130,P.S. 130 Abram Stevens Hewitt,88.1,NA
08X131,J.H.S. 131 Albert Einstein,90.2,NA
08X138,P.S. 138 Samuel Randall,87.0,NA
08X140,P.S. X140 The Eagle School,87.8,NA
08X146,P.S. 146 Edward Collins,90.4,NA
08X152,P.S. 152 Evergreen,86.1,100.0
08X182,P.S. 182,88.7,100.0
08X269,Bronx Studio School for Writers and Artists,89.6,NA
08X282,Women's Academy of Excellence,79.3,100.0
08X293,Renaissance High School for Musical Theater and th,90.8,99.7
08X301,M.S. 301 Paul L. Dunbar,85.1,NA
08X302,M.S. 302 Luisa Dessus Cruz,88.7,NA
08X304,P.S. 304 Early Childhood School,91.3,NA
08X312,Millennium Art Academy,79.4,NA
08X320,Pelham Lab High School,79.9,s
08X333,The Longwood Academy of Discovery,86.6,s
08X337,The School for Inquiry and Social Justice,92.7,NA
08X348,Schuylerville Preparatory High School,78.2,NA
08X349,Bronx River High School,87.8,100.0
08X367,"Archimedes Academy for Math, Science and Technolog",81.8,s
08X371,Urban Institute of Mathematics,89.1,39.4
08X375,The Bronx Mathematics Preparatory School,85.6,NA
08X376,Antonia Pantoja Preparatory Academy: A College Boa,85.9,s
08X377,Bronx Community High School,44.5,NA
08X392,Bronx Delta School,88.2,NA
08X405,Herbert H. Lehman High School,84.4,100.0
08X424,Bronx Academy for Multi-Media,86.0,NA
08X432,Bronx Bridges High School,76.1,NA
08X448,Soundview Academy for Culture and Scholarship,87.8,NA
08X452,Gotham Collaborative High School,77.9,40.5
08X467,Mott Hall Community School,88.6,NA
08X530,Longwood Preparatory Academy,88.0,NA
08X537,Bronx Arena High School,45.8,NA
08X558,Westchester Square Academy,81.9,100.0
08X561,Bronx Compass High School,80.4,s
08X562,Blueprint Middle School,88.4,s
08X583,P.S. 583,87.2,NA
09X004,P.S./M.S. 004 Crotona Park West,86.1,NA
09X011,P.S. 011 Highbridge,83.4,s
09X022,J.H.S. 022 Jordan L. Mott,86.3,NA
09X028,P.S. 028 Mount Hope,86.6,NA
09X035,P.S. 035 Franz Siegel,90.8,s
09X042,P.S. 042 Claremont,90.2,NA
09X053,P.S. 053 Basheer Quisim,84.3,NA
09X055,P.S. 055 Benjamin Franklin,90.2,NA
09X058,P.S. 058,83.6,s
09X063,P.S. 063 Author's Academy,88.9,95.6
09X070,P.S. 070 Max Schoenfeld,87.9,s
09X073,P.S. 073 Bronx,89.6,NA
09X088,P.S. X088 - S. Silverstein Little Sparrow School,87.2,NA
09X109,P.S. 109 Sedgwick,84.8,s
09X110,P.S. 110 Theodore Schoenfeld,87.6,NA
09X114,P.S. X114 - Luis Llorens Torres Schools,86.8,100.0
09X117,I.S. 117 Joseph H. Wade,88.9,s
09X126,P.S. 126 Dr Marjorie H Dunbar,90.0,100.0
09X128,Mott Hall III,90.7,NA
09X132,P.S. 132 Garret A. Morgan,87.4,86.3
09X163,P.S. 163 Arthur A. Schomburg,88.3,NA
09X170,P.S. 170,87.9,69.0
09X199,P.S. 199X - The Shakespeare School,89.3,NA
09X204,P.S. 204 Morris Heights,91.2,100.0
09X215,Kappa,89.4,NA
09X218,P.S./I.S. 218 Rafael Hernandez Dual Language Magne,89.6,NA
09X219,I.S. 219 New Venture School,89.8,100.0
09X227,Bronx Collegiate Academy,88.3,NA
09X229,I.S. 229 Roland Patterson,89.6,100.0
09X231,Eagle Academy for Young Men,86.8,87.0
09X232,I.S. 232,90.4,NA
09X236,P.S. 236 Langston Hughes,93.9,s
09X241,Urban Assembly School for Applied Math and Science,84.2,s
09X250,Eximius College Preparatory Academy: A College Boa,86.9,NA
09X252,Mott Hall Bronx High School,83.0,s
09X260,Bronx Center for Science and Mathematics,88.3,NA
09X263,Validus Preparatory Academy,83.9,s
09X274,The New American Academy at Roberto Clemente State,83.1,s
09X294,The Walton Avenue School,86.2,0.0
09X297,Morris Academy for Collaborative Studies,83.8,98.9
09X303,I.S. X303 Leadership & Community Service,89.1,s
09X311,Lucero Elementary School,89.6,s
09X313,I.S. 313 School of Leadership Development,84.7,s
09X323,Bronx Writing Academy,88.2,NA
09X324,Bronx Early College Academy for Teaching & Learnin,87.9,NA
09X327,Comprehensive Model School Project M.S. 327,89.6,NA
09X328,New Millennium Bronx Academy of the Arts,84.9,NA
09X329,DreamYard Preparatory School,80.2,100.0
09X339,I.S. 339,84.0,NA
09X350,New Directions Secondary School,72.8,NA
09X361,The Highbridge Green School,93.8,s
09X365,Academy for Language and Technology,81.3,s
09X403,Bronx International High School,70.0,NA
09X404,School for Excellence,69.2,NA
09X412,Bronx High School of Business,78.6,NA
09X413,Bronx High School for Medical Science,86.6,83.0
09X443,The Family School,89.1,0.0
09X449,Grant Avenue Elementary School,88.4,100.0
09X454,Science and Technology Academy: A Mott Hall School,91.2,s
09X457,Sheridan Academy for Young Leaders,88.5,NA
09X505,"Bronx School for Law, Government and Justice",82.5,s
09X517,Frederick Douglass Academy III Secondary School,80.1,s
09X525,Bronx Leadership Academy High School,81.1,NA
09X543,High School for Violin and Dance,78.5,s
09X555,Mount Eden Children's Academy,92.7,s
09X564,Claremont International HS,80.8,NA
09X568,Young Women's Leadership School of the Bronx,88.3,100.0
09X582,Garden of Learning and Discovery Pre-K Center,70.9,NA
09X593,South Bronx International Middle School,93.2,NA
09X594,New Pathways Academy,94.1,100.0
10X003,P.S. 3 Raul Julia Micro Society,90.3,100.0
10X007,Milton Fein School,90.9,13.6
10X008,P.S. 008 Isaac Varian,89.1,77.6
10X009,P.S. 9 Ryer Avenue Elementary School,85.5,NA
10X015,P.S. X015 Institute for Environmental Learning,92.9,NA
10X020,"PS/MS 20 P.O.George J. Werdann, III",89.1,76.7
10X023,P.S. 023 The New Children's School,86.2,91.7
10X024,P.S. 024 Spuyten Duyvil,95.6,s
10X032,P.S. 032 Belmont,88.6,71.2
10X033,P.S. 033 Timothy Dwight,89.7,NA
10X037,P.S. X037 - Multiple Intelligence School,86.0,NA
10X045,Thomas C. Giordano Middle School 45,85.9,s
10X046,P.S. 046 Edgar Allan Poe,90.8,s
10X051,The Bronx STEM and Arts Academy,87.5,NA
10X054,P.S./I.S. 54,91.3,100.0
10X056,P.S. 056 Norwood Heights,90.8,s
10X059,P.S. 059 The Community School of Technology,83.7,s
10X077,Bedford Park Elementary School,91.0,NA
10X080,J.H.S. 080 The Mosholu Parkway,88.1,100.0
10X081,P.S. 081 Robert J. Christen,92.3,s
10X085,P.S. 085 Great Expectations,89.0,50.0
10X086,P.S. 086 Kingsbridge Heights,89.7,74.3
10X091,P.S. 091 Bronx,89.3,NA
10X094,P.S. 094 Kings College School,89.9,NA
10X095,P.S. 095 Sheila Mencher,88.6,s
10X118,J.H.S. 118 William W. Niles,86.1,95.6
10X141,Riverdale / Kingsbridge Academy (Middle School / H,90.6,NA
10X159,P.S. 159 Luis Munoz Marin Biling,86.6,67.5
10X205,P.S. 205 Fiorello LaGuardia,89.2,NA
10X206,I.S. 206 Ann Mersereau,85.4,NA
10X207,P.S. 207,89.3,NA
10X209,P.S. 209,90.5,NA
10X213,Bronx Engineering and Technology Academy,83.0,NA
10X225,Theatre Arts Production Company School,83.7,NA
10X226,P.S. 226,91.0,72.2
10X228,Jonas Bronck Academy,95.6,s
10X237,"The Marie Curie School for Medicine, Nursing, and",76.9,NA
10X243,West Bronx Academy for the Future,91.4,NA
10X244,The New School for Leadership and Journalism,92.4,NA
10X246,P.S. 246 Poe Center,88.7,NA
10X254,I.S. 254,87.8,64.2
10X264,Bronx Academy for Software Engineering (BASE),77.9,NA
10X268,Kingsbridge International High School,63.1,s
10X279,"P.S. 279 Captain Manuel Rivera, Jr.",88.8,s
10X280,P.S./M.S. 280 Mosholu Parkway,88.1,s
10X284,Bronx School of Law and Finance,80.6,NA
10X291,P.S. 291,90.8,NA
10X306,P.S. 306,92.5,NA
10X307,Luisa Pineiro Fuentes School of Science and Discov,90.1,NA
10X308,Bronx Dance Academy School,91.3,NA
10X310,P.S. 310 Marble Hill,92.7,s
10X315,P.S. 315 Lab School,92.1,NA
10X319,Providing Urban Learners Success In Education High,69.9,NA
10X331,The Bronx School of Young Leaders,89.0,69.4
10X340,P.S. 340,89.0,NA
10X342,International School for Liberal Arts,88.3,NA
10X344,Ampark Neighborhood,92.8,80.6
10X351,Bronx Collaborative High School,71.3,s
10X353,World View High School,88.7,100.0
10X360,P.S. 360,88.4,0.0
10X363,Academy For Personal Leadership And Excellence,85.2,100.0
10X368,In-Tech Academy (M.S. / High School 368),91.2,s
10X374,Knowledge and Power Preparatory Academy Internatio,88.5,NA
10X382,"Elementary School for Math, Science, and Technolog",90.3,NA
10X386,School for Environmental Citizenship,91.0,s
10X390,M.S. 390,91.1,s
10X391,The Angelo Patri Middle School,86.6,s
10X396,P.S. 396,92.4,s
10X397,English Language Learners and International Suppor,67.7,NA
10X433,High School for Teaching and the Professions,86.1,NA
10X434,Belmont Preparatory High School,89.5,s
10X437,Fordham High School for the Arts,94.2,s
10X438,Fordham Leadership Academy,94.1,92.3
10X439,Bronx High School for Law and Community Service,90.3,s
10X440,DeWitt Clinton High School,80.6,NA
10X442,"Celia Cruz Bronx High School of Music, The",91.4,s
10X445,The Bronx High School of Science,98.3,s
10X447,Creston Academy,92.8,NA
10X477,Marble Hill High School for International Studies,91.7,NA
10X524,Crotona International High School,79.8,NA
10X535,Rose Hill Pre-K Center,83.3,NA
10X546,Bronx Theatre High School,81.1,s
10X549,Discovery High School,82.9,99.7
10X565,High School for Energy and Technology,81.9,s
10X696,High School of American Studies at Lehman College,98.0,100.0
11X016,P.S. 016 Wakefield,88.9,NA
11X019,P.S. 019 Judith K. Weiss,95.3,100.0
11X021,P.S. 021 Philip H. Sheridan,89.2,NA
11X041,P.S. 041 Gun Hill Road,88.1,93.9
11X068,P.S. 068 Bronx,94.1,NA
11X076,P.S. 076 The Bennington School,90.7,65.8
11X078,P.S. 078 Anne Hutchinson,88.3,s
11X083,P.S. 083 Donald Hertz,94.2,100.0
11X087,P.S. 087 Bronx,88.4,52.4
11X089,P.S. 089 Bronx,91.5,s
11X096,P.S. 096 Richard Rodgers,93.8,98.6
11X097,P.S. 097 Bronx,92.1,s
11X103,P.S. 103 Hector Fontanez,87.5,NA
11X105,P.S. 105 Sen Abraham Bernstein,90.1,NA
11X106,P.S. 106 Parkchester,89.9,NA
11X108,P.S. 108 Philip J. Abinanti,95.0,s
11X111,P.S. 111 Seton Falls,87.7,NA
11X112,P.S. 112 Bronxwood,89.9,s
11X121,P.S. 121 Throop,89.3,100.0
11X127,J.H.S. 127 The Castle Hill,92.1,100.0
11X144,J.H.S. 144 Michelangelo,89.1,NA
11X153,P.S. 153 Helen Keller,94.6,NA
11X160,P.S. 160 Walt Disney,93.4,NA
11X169,Baychester Academy,92.2,NA
11X175,P.S. 175 City Island,96.1,NA
11X178,P.S. 178 - Dr. Selman Waksman,90.5,s
11X180,M.S. 180 Dr. Daniel Hale Williams,91.3,NA
11X181,I.S. 181 Pablo Casals,92.5,94.2
11X189,Cornerstone Academy for Social Action,85.7,NA
11X194,P.S./M.S. 194,91.7,51.3
11X249,Bronx Health Sciences High School,80.9,NA
11X253,Bronx High School for Writing and Communication Ar,76.7,NA
11X265,Bronx Lab School,67.6,NA
11X270,Academy for Scholarship and Entrepreneurship: A Co,82.9,100.0
11X275,High School of Computers and Technology,84.7,100.0
11X287,North Bronx School of Empowerment,84.1,NA
11X288,Collegiate Institute for Math and Science,85.9,s
11X290,Bronx Academy of Health Careers,82.1,NA
11X299,Astor Collegiate Academy,88.6,s
11X326,Bronx Green Middle School,90.1,NA
11X355,Bronx Alliance Middle School,84.3,NA
11X357,Young Voices Academy of the Bronx,92.0,s
11X370,Leaders of Tomorrow,83.7,74.6
11X418,Bronx High School for the Visual Arts,84.2,100.0
11X455,Harry S Truman High School,81.0,100.0
11X462,Cornerstone Academy for Social Action Middle Schoo,92.3,100.0
11X468,Pelham Academy of Academics and Community Engageme,93.2,NA
11X481,The STEAM Bridge School,92.0,NA
11X483,The Matilda Avenue School,92.5,NA
11X498,P.S./M.S. 11X498 - Van Nest Academy,90.5,s
11X508,Bronxdale High School,83.0,s
11X509,High School of Language and Innovation,85.3,s
11X513,New World High School,88.3,s
11X514,The Bronxwood Preparatory Academy,81.9,NA
11X529,One World Middle School at Edenwald,90.2,s
11X532,Baychester Middle School,91.0,NA
11X542,Pelham Preparatory Academy,87.6,s
11X544,High School for Contemporary Arts,70.8,NA
11X545,Bronx Aerospace High School,77.2,NA
11X556,Bronx Park Middle School,85.0,NA
11X566,Pelham Gardens Middle School,88.4,NA
11X567,Linden Tree Elementary School,91.9,81.4
12X006,P.S. 006 West Farms,87.2,s
12X044,P.S. 044 David C. Farragut,86.1,NA
12X047,P.S. 047 John Randolph,89.0,97.7
12X057,P.S. 057 Crescent,91.4,NA
12X061,P.S. 061 Francisco Oller,91.1,s
12X066,P.S. 066 School of Higher Expectations,88.2,NA
12X067,P.S. 067 Mohegan School,87.3,NA
12X098,J.H.S. 098 Herman Ridder,89.1,NA
12X129,M.S. 129 Academy for Independent Learning and Lead,87.9,NA
12X134,P.S. 134 George F. Bristow,87.5,NA
12X150,P.S. 150 Charles James Fox,88.4,s
12X190,E.S.M.T- I.S. 190,90.0,NA
12X195,P.S. 195,90.4,NA
12X196,P.S. 196,90.0,72.2
12X211,P.S. 211,88.4,NA
12X214,P.S. 214,89.3,NA
12X217,School of Performing Arts,86.2,NA
12X242,Mott Hall V,91.7,NA
12X248,"Metropolitan High School, The",78.3,s
12X251,Explorations Academy H.S.,82.3,NA
12X267,Bronx Latin,90.1,NA
12X271,East Bronx Academy for the Future,85.8,NA
12X273,Frederick Douglass Academy V. Middle School,89.8,s
12X286,Fannie Lou Hamer Middle School,87.4,s
12X300,The School of Science and Applied Learning,85.6,NA
12X314,Fairmont Neighborhood School,91.1,NA
12X316,Kappa III,89.0,NA
12X318,"I.S. X318 Math, Science & Technology Through Arts",88.3,NA
12X341,Accion Academy,88.1,100.0
12X383,Emolior Academy,90.5,NA
12X388,Pan American International High School at Monroe,85.4,NA
12X446,Arturo A. Schomburg Satellite Academy Bronx,56.9,s
12X458,Samara Community School,91.5,NA
12X463,Urban Scholars Community School,88.5,s
12X478,The Cinema School,90.3,s
12X479,Bronx Career and College Preparatory High School,76.0,100.0
12X480,Bronx Regional High School,48.1,NA
12X511,Bronx Envision Academy,79.7,NA
12X521,The Metropolitan Soundview High School,81.9,73.5
12X531,Archer Elementary School,89.4,NA
12X536,P.S. 536,88.2,82.7
12X550,High School of World Cultures,84.6,NA
12X595,P.S. 595,87.8,s
12X626,District 12 Pre-K Center,90.4,NA
12X682,Fannie Lou Hamer Freedom High School,78.1,NA
12X684,Wings Academy,78.0,NA
12X691,Bronx Little School,90.9,NA
13K003,P.S. 003 The Bedford Village,87.9,NA
13K008,The Emily Warren Roebling School,86.6,s
13K009,Public School 9 The Sarah Smith Garnet School,91.5,NA
13K011,P.S. 011 Purvis J. Behan,95.6,NA
13K020,P.S. 020 Clinton Hill,93.8,NA
13K044,P.S. 044 Marcus Garvey,84.4,NA
13K046,P.S. 046 Edward C. Blum,87.7,s
13K054,P.S. 054 Samuel C. Barnes,78.8,NA
13K056,P.S. 056 Lewis H. Latimer,92.5,NA
13K067,P.S. 067 Charles A. Dorsey,86.2,84.2
13K093,P.S. 093 William H. Prescott,84.4,NA
13K113,M.S. 113 Ronald Edmonds Learning Center,87.3,0.0
13K133,P.S. 133 William A. Butler,93.7,NA
13K256,P.S. 256 Benjamin Banneker,86.3,NA
13K265,Dr. Susan S. McKinney Secondary School of the Arts,79.0,NA
13K266,M.S. K266 - Park Place Community Middle School,88.8,NA
13K270,P.S. 270 Johann DeKalb,83.1,NA
13K282,P.S. 282 Park Slope,93.2,NA
13K287,P.S. 287 Bailey K. Ashford,90.5,NA
13K301,Restoration Academy,81.2,s
13K307,P.S. 307 Daniel Hale Williams,85.9,NA
13K313,Dock Street School for STEAM Studies,91.0,100.0
13K350,Urban Assembly School of Music and Art,88.1,s
13K351,The Urban Assembly Unison School,92.5,s
13K412,Brooklyn Community Arts & Media High School (BCAM),77.7,NA
13K419,"Science Skills Center High School for Science, Tec",94.3,NA
13K430,Brooklyn Technical High School,97.0,s
13K439,Brooklyn International High School,85.2,NA
13K483,The Urban Assembly School for Law and Justice,86.5,0.0
13K492,Academy of Arts and Letters,89.5,NA
13K527,Urban Assembly Institute of Math and Science for Y,89.4,NA
13K553,Brooklyn Academy High School,43.5,NA
13K594,Gotham Professional Arts Academy,82.0,NA
13K595,Bedford Academy High School,93.6,s
13K605,George Westinghouse Career and Technical Education,81.7,NA
13K616,Brooklyn High School for Leadership and Community,33.4,NA
13K670,Benjamin Banneker Academy,90.7,100.0
13K674,"City Polytechnic High School of Engineering, Archi",89.4,0.0
13K691,Fort Greene Preparatory Academy,90.3,NA
13K869,District 13 PRE-K Center,95.9,NA
13K915,Bridges: A School for Exploration and Equity,95.3,100.0
14K016,P.S. 016 Leonard Dunkly,89.0,NA
14K017,P.S. 017 Henry D. Woodworth,89.8,NA
14K018,P.S. 018 Edward Bush,87.0,84.1
14K023,P.S. 023 Carter G. Woodson,83.9,74.1
14K031,P.S. 031 Samuel F. Dupont,96.2,NA
14K034,P.S. 034 Oliver H. Perry,94.5,NA
14K050,J.H.S. 050 John D. Wells,89.8,100.0
14K059,P.S. 059 William Floyd,85.2,NA
14K071,Juan Morel Campos Secondary School,83.2,100.0
14K084,P.S. 084 Jose De Diego,90.7,91.9
14K110,P.S. 110 The Monitor,95.0,s
14K120,P.S. 120 Carlos Tapia,92.1,NA
14K126,John Ericsson Middle School 126,90.3,NA
14K132,P.S. 132 The Conselyea School,93.9,s
14K147,P.S. 147 Isaac Remsen,91.1,s
14K157,P.S./I.S. 157 The Benjamin Franklin Health & Scien,84.8,NA
14K196,P.S. 196 Ten Eyck,89.9,NA
14K250,P.S. 250 George H. Lindsay,88.2,NA
14K257,P.S. 257 John F. Hylan,90.1,69.0
14K297,P.S. 297 Abraham Stockton,88.9,NA
14K318,I.S. 318 Eugenio Maria De Hostos,90.4,100.0
14K319,P.S. 319,92.4,NA
14K380,P.S. 380 John Wayne Elementary,85.8,87.4
14K414,Brooklyn Arbor Elementary School,94.0,100.0
14K449,"Brooklyn Latin School, The",96.3,s
14K454,The Williamsburg High School of Art and Technology,91.7,s
14K474,PROGRESS High School for Professional Careers,75.3,100.0
14K477,East Williamsburg Scholars Academy,79.7,s
14K478,"The High School for Enterprise, Business and Techn",82.7,NA
14K488,Brooklyn Preparatory High School,84.4,NA
14K558,Williamsburg High School for Architecture and Desi,91.9,100.0
14K561,Williamsburg Preparatory School,89.8,NA
14K577,Conselyea Preparatory School,95.6,100.0
14K582,M.S. 582,90.3,NA
14K586,Lyons Community School,77.8,NA
14K610,A-Tech High School,79.0,1.0
14K614,Young Women's Leadership School of Brooklyn,85.9,NA
14K685,El Puente Academy for Peace and Justice,92.1,NA
15K001,P.S. 001 The Bergen,93.2,83.7
15K010,"Magnet School of Math, Science and Design Technolo",96.4,100.0
15K015,P.S. 015 Patrick F. Daly,90.0,79.0
15K024,P.S. 024,91.9,NA
15K029,P.S. 029 John M. Harrigan,97.9,100.0
15K032,P.S. 032 Samuel Mills Sprole,94.3,NA
15K038,P.S. 038 The Pacific,92.4,s
15K039,P.S. 039 Henry Bristow,94.1,s
15K051,M.S. 51 William Alexander,95.0,100.0
15K058,P.S. 058 The Carroll,98.0,NA
15K088,J.H.S. 088 Peter Rouget,90.8,s
15K094,P.S. 094 The Henry Longfellow,94.5,94.7
15K107,P.S. 107 John W. Kimball,97.1,s
15K118,The Maurice Sendak Community School,96.2,s
15K124,P.S. 124 Silas B. Dutcher,88.1,NA
15K130,P.S. 130 The Parkside,95.7,94.7
15K131,P.S. 131 Brooklyn,90.0,100.0
15K136,I.S. 136 Charles O. Dewey,89.7,100.0
15K146,"The Brooklyn New School, P.S. 146",93.8,78.9
15K154,The Windsor Terrace School,98.0,s
15K169,P.S. 169 Sunset Park,86.4,83.0
15K172,P.S. 172 Beacon School of Excellence,94.2,NA
15K230,P.S. 230 Doris L. Cohen,91.4,NA
15K261,P.S. 261 Philip Livingston,94.7,s
15K295,P.S. 295,94.6,s
15K321,P.S. 321 William Penn,96.7,97.5
15K418,The Children's School,96.9,NA
15K423,Brooklyn Frontiers High School,66.4,NA
15K429,Digital Arts and Cinema Technology High School,94.7,100.0
15K442,M.S. 442 Carroll Gardens School for Innovation,94.8,87.2
15K443,New Voices School of Academic & Creative Arts,94.5,NA
15K447,The Math & Science Exploratory School,92.1,NA
15K448,Brooklyn Collaborative Studies,92.0,100.0
15K462,John Jay School for Law,93.1,100.0
15K463,Cyberarts Studio Academy,74.3,100.0
15K464,Park Slope Collegiate,78.6,NA
15K497,The Boerum Hill School for International Studies,91.1,s
15K516,Sunset Park Avenues Elementary School,89.5,NA
15K519,Cobble Hill School of American Studies,70.7,NA
15K529,West Brooklyn Community High School,60.8,NA
15K592,Khalil Gibran International Academy,78.7,s
15K656,Brooklyn High School of the Arts,91.1,NA
15K667,Sunset Park High School,84.5,NA
15K676,Red Hook Neighborhood School,78.5,NA
15K684,Millennium Brooklyn HS,97.2,NA
15K698,South Brooklyn Community High School,39.2,NA
15K767,The Little Brooklyn Pre-K Center,91.5,NA
15K821,Sunset Park Prep,91.6,NA
15K839,M.S. 839,93.8,NA
15K863,Pre-K Center at Bishop Ford School Site,92.3,NA
15K896,The School of Creativity and Innovation,92.1,NA
16K005,P.S. 005 Dr. Ronald McNair,86.0,NA
16K021,P.S. 021 Crispus Attucks,89.8,s
16K025,P.S. 025 Eubie Blake School,85.6,NA
16K026,P.S. 026 Jesse Owens,90.7,NA
16K035,M.S. 035 Stephen Decatur,88.1,NA
16K040,P.S. 040 George W. Carver,88.1,NA
16K057,Whitelaw Reid Academy of Arts and Business,81.9,NA
16K081,P.S. 081 Thaddeus Stevens,79.0,NA
16K243,P.S. 243K- The Weeksville School,89.0,NA
16K262,P.S. 262 El Hajj Malik El Shabazz Elementary Schoo,88.9,NA
16K267,"M.S. 267 Math, Science & Technology",85.2,NA
16K308,P.S. 308 Clara Cardwell,86.4,NA
16K309,P.S. 309 The George E. Wibecan Preparatory Academy,88.7,NA
16K335,P.S. 335 Granville T. Woods,84.3,NA
16K455,Boys and Girls High School,73.2,100.0
16K498,Brooklyn High School for Law and Technology,81.7,NA
16K627,Brighter Choice Community School,87.4,NA
16K628,Brooklyn Brownstone School,93.6,NA
16K669,Research and Service High School,34.3,NA
16K681,Madiba Prep Middle School,87.6,NA
16K688,The Brooklyn Academy of Global Finance,86.3,100.0
16K765,Nelson Mandela High School,76.3,NA
16K898,The Brooklyn Green School,88.4,NA
17K002,Parkside Preparatory Academy,90.6,NA
17K006,Norma Adams Clemons Academy,87.6,NA
17K012,Dr. Jacqueline Peek-Davis School,79.3,78.2
17K061,M.S. 061 Dr. Gladstone H. Atwell,86.8,100.0
17K091,P.S. 091 The Albany Avenue School,86.9,NA
17K092,P.S. 092 Adrian Hegeman,86.5,NA
17K122,Pathways in Technology Early College High School (,86.3,85.9
17K138,P.S. 138 Brooklyn,89.8,NA
17K161,P.S. 161 The Crown,83.0,NA
17K181,P.S. 181 Brooklyn,87.7,s
17K189,P.S. 189 The Bilingual Center,91.9,s
17K191,P.S. 191 Paul Robeson,83.9,NA
17K221,P.S. 221 Toussaint L'Ouverture,85.7,NA
17K241,P.S. 241 Emma L. Johnston,92.7,NA
17K246,M.S. 246 Walt Whitman,81.9,NA
17K249,P.S. 249 The Caton,92.8,NA
17K289,P.S. 289 George V. Brower,81.6,100.0
17K316,P.S. 316 Elijah Stroud,93.9,s
17K340,I.S. 340,90.8,s
17K352,Ebbets Field Middle School,84.4,NA
17K353,Elijah Stroud Middle School,91.0,NA
17K354,The School of Integrated Learning,82.5,NA
17K375,P.S. 375 Jackie Robinson School,81.5,NA
17K382,Academy for College Preparation and Career Explora,89.4,NA
17K394,M.S. K394,85.5,s
17K397,P.S. 397 Foster-Laurie,93.0,NA
17K398,P.S. 398 Walter Weaver,84.4,NA
17K399,P.S. 399 Stanley Eugene Clark,86.9,NA
17K408,Academy of Hospitality and Tourism,84.8,s
17K484,Ronald Edmonds Learning Center II,88.1,NA
17K524,International High School at Prospect Heights,76.1,NA
17K528,The High School for Global Citizenship,90.1,NA
17K531,"School for Human Rights, The",83.0,NA
17K532,New Bridges Elementary,92.8,NA
17K537,High School for Youth and Community Development at,80.4,NA
17K539,High School for Service & Learning at Erasmus,83.0,100.0
17K543,"Science, Technology and Research Early College Hig",92.1,s
17K546,High School for Public Service: Heroes of Tomorrow,88.6,NA
17K547,Brooklyn Academy of Science and the Environment,86.1,NA
17K548,Brooklyn School for Music & Theatre,81.5,NA
17K568,Brownsville Academy High School,42.8,NA
17K590,Medgar Evers College Preparatory School,88.0,NA
17K600,Clara Barton High School,86.9,s
17K646,Aspirations Diploma Plus High School,47.1,NA
17K705,Brooklyn Arts and Science Elementary School,95.7,100.0
17K722,New Heights Middle School,93.3,100.0
17K745,Brooklyn Institute for Liberal Arts,87.5,NA
17K751,Academy for Health Careers,74.1,NA
17K770,P.S. 770 New American Academy,92.1,86.7
18K066,P.S. 66,86.4,s
18K068,I.S. 068 Isaac Bildersee,89.6,s
18K114,P.S. 114 Ryder Elementary,81.8,NA
18K115,P.S. 115 Daniel Mucatel School,90.1,NA
18K135,P.S. 135 Sheldon A. Brookner,91.0,NA
18K208,P.S. 208 Elsa Ebeling,83.4,NA
18K211,I.S. 211 John Wilson,83.9,s
18K219,P.S. 219 Kennedy-King,87.6,NA
18K233,P.S. 233 Langston Hughes,91.1,NA
18K235,P.S. 235 Janice Marie Knight School,93.8,NA
18K244,P.S. 244 Richard R. Green,89.7,s
18K268,P.S. 268 Emma Lazarus,88.8,NA
18K272,P.S. 272 Curtis Estabrook,82.0,50.2
18K276,P.S. 276 Louis Marshall,93.0,NA
18K279,P.S. 279 Herman Schreiber,90.6,NA
18K285,I.S. 285 Meyer Levin,88.2,NA
18K366,The Science And Medicine Middle School,90.7,100.0
18K563,It Takes a Village Academy,81.5,NA
18K566,Brooklyn Community High School for Excellence and,82.9,s
18K567,Brooklyn Theatre Arts High School,80.8,NA
18K569,Kurt Hahn Expeditionary Learning School,63.5,NA
18K576,Victory Collegiate High School,79.3,NA
18K578,Brooklyn Bridge Academy,55.3,NA
18K581,"The Middle School of Media, Law and Fine Arts",81.7,NA
18K588,Middle School for Art and Philosophy,86.7,NA
18K617,High School for Innovation in Advertising and Medi,87.4,s
18K629,Cultural Academy for the Arts and Sciences,75.0,NA
18K633,High School for Medical Professions,85.9,NA
18K635,Olympus Academy,41.5,NA
18K637,Academy for Conservation and the Environment,76.7,NA
18K642,Urban Action Academy,69.6,NA
18K673,East Brooklyn Community High School,54.9,NA
18K763,Brooklyn Science and Engineering Academy,93.1,0.0
19K007,P.S. 007 Abraham Lincoln,91.5,69.4
19K013,P.S. 013 Roberto Clemente,88.4,90.0
19K065,P.S. 065,91.6,NA
19K089,P.S. 089 Cypress Hills,90.4,s
19K108,P.S. 108 Sal Abbracciamento,88.4,NA
19K149,P.S. 149 Danny Kaye,87.0,NA
19K158,P.S. 158 Warwick,83.4,NA
19K159,P.S. 159 Isaac Pitkin,88.9,s
19K171,I.S. 171 Abraham Lincoln,89.6,NA
19K190,P.S. 190 Sheffield,84.4,NA
19K202,P.S. 202 Ernest S. Jenkyns,81.3,NA
19K213,P.S. 213 New Lots,88.1,NA
19K214,P.S. 214 Michael Friedsam,84.8,NA
19K218,J.H.S. 218 James P. Sinnott,86.2,NA
19K224,P.S. 224 Hale A. Woodruff,82.9,80.7
19K273,P.S. 273 Wortman,87.4,NA
19K290,P.S. 290 Juan Morel Campos,89.4,NA
19K292,J.H.S. 292 Margaret S. Douglas,82.9,NA
19K306,P.S. 306 Ethan Allen,88.9,NA
19K325,The Fresh Creek School,88.8,NA
19K328,P.S. 328 Phyllis Wheatley,74.6,NA
19K345,P.S. 345 Patrolman Robert Bolden,87.5,NA
19K346,P.S. 346 Abe Stark,89.3,NA
19K364,I.S. 364 Gateway,86.8,NA
19K404,Academy for Young Writers,79.6,44.1
19K409,East New York Family Academy,88.7,100.0
19K422,Spring Creek Community School,74.7,s
19K452,Frederick Douglass Academy VIII Middle School,91.3,NA
19K502,FDNY - Captain Vernon A. Richard High School for F,79.9,NA
19K504,High School for Civil Rights,73.9,s
19K507,Performing Arts and Technology High School,89.3,NA
19K510,World Academy for Total Community Health High Scho,81.8,100.0
19K557,Brooklyn Gardens Elementary School,87.8,s
19K583,Multicultural High School,83.8,100.0
19K615,Transit Tech Career and Technical Education High S,85.9,NA
19K618,Academy of Innovative Technology,88.8,s
19K639,Brooklyn Lab School,81.9,s
19K654,Van Siclen Community Middle School,86.3,100.0
19K659,Cypress Hills Collegiate Preparatory School,84.3,s
19K660,W. H. Maxwell Career and Technical Education High,73.2,NA
19K661,Vista Academy,92.3,NA
19K662,Liberty Avenue Middle School,89.0,NA
19K663,School of the Future Brooklyn,85.1,NA
19K677,East New York Elementary School of Excellence,88.6,NA
19K678,East New York Middle School of Excellence,96.0,s
19K683,School for Classics High School,77.3,NA
19K760,Highland Park Community School,86.6,NA
19K764,The Urban Assembly School for Collaborative Health,87.7,s
19K907,Legacy School of the Arts,85.1,s
19K935,M.S. 935,93.2,NA
19K938,P.S. 938,90.6,s
19K953,The East New York Arts and Civics High School,86.0,NA
20K030,P.S./I.S. 30 Mary White Ovington,93.6,s
20K048,P.S. 048 Mapleton,93.9,NA
20K062,J.H.S. 062 Ditmas,91.0,NA
20K069,P.S. 69 Vincent D. Grippo School,94.6,NA
20K102,P.S. 102 The Bayview,93.4,NA
20K104,P.S./I.S. 104 The Fort Hamilton School,95.3,NA
20K105,P.S. 105 The Blythebourne,94.6,100.0
20K112,P.S. 112 Lefferts Park,93.4,s
20K127,P.S. 127 Mckinley Park,94.7,NA
20K160,P.S. 160 William T. Sampson,91.0,81.0
20K163,P.S. 163 Bath Beach,93.7,NA
20K164,P.S. 164 Caesar Rodney,95.0,68.0
20K170,Ralph A. Fabrizio School,93.3,s
20K176,P.S. 176 Ovington,91.9,s
20K179,P.S. 179 Kensington,90.4,88.9
20K180,The SEEALL Academy,94.4,43.0
20K185,P.S. 185 Walter Kassenbrock,94.0,NA
20K186,P.S. 186 Dr. Irving A Gladstone,94.0,62.5
20K187,The Christa McAuliffe School\I.S. 187,97.1,s
20K192,P.S. 192 - The Magnet School for Math and Science,91.4,NA
20K200,P.S. 200 Benson School,90.9,83.6
20K201,J.H.S. 201 The Dyker Heights,95.7,NA
20K204,P.S. 204 Vince Lombardi,94.8,96.0
20K205,P.S. 205 Clarion,92.3,NA
20K220,J.H.S. 220 John J. Pershing,94.7,73.2
20K223,J.H.S. 223 The Montauk,94.2,NA
20K227,J.H.S. 227 Edward B. Shallow,92.6,75.0
20K229,P.S. 229 Dyker,95.8,s
20K247,P.S. 247 Brooklyn,92.9,NA
20K259,J.H.S. 259 William McKinley,95.0,s
20K264,P.S. 264 Bay Ridge Elementary School For The Arts,93.7,NA
20K310,The School For Future Leaders,93.3,NA
20K445,New Utrecht High School,86.3,NA
20K485,High School of Telecommunication Arts and Technolo,94.1,100.0
20K490,Fort Hamilton High School,86.5,NA
20K503,P.S. 503: The School of Discovery,91.5,NA
20K505,Franklin Delano Roosevelt High School,81.9,35.3
20K506,P.S. 506: The School of Journalism & Technology,93.3,NA
20K609,Urban Assembly School for Leadership and Empowerme,89.9,s
20K682,The Academy of Talented Scholars,94.6,NA
20K686,Brooklyn School of Inquiry,94.8,NA
20K748,P.S. 748 Brooklyn School for Global Scholars,94.7,s
20K768,District 20 Pre-K Center,87.6,NA
20K936,MS 936 Arts Off 3rd,96.1,s
20K939,Sunset School of Cultural Learning,90.2,NA
20K971,"School of Math, Science, and Healthy Living",92.1,NA
21K090,P.S. 90 Edna Cohen School,88.6,NA
21K095,P.S. 095 The Gravesend,93.3,NA
21K096,I.S. 096 Seth Low,90.7,7.9
21K097,P.S. 97 The Highlawn,93.9,81.2
21K098,I.S. 98 Bay Academy,95.7,100.0
21K099,P.S. 099 Isaac Asimov,88.6,100.0
21K100,P.S. 100 The Coney Island School,92.9,NA
21K101,P.S. 101 The Verrazano,93.9,NA
21K121,P.S. 121 Nelson A. Rockefeller,93.5,NA
21K128,P.S. 128 Bensonhurst,90.5,s
21K153,P.S. 153 Homecrest,92.3,NA
21K177,P.S. 177 The Marlboro,88.6,100.0
21K188,P.S. 188 Michael E. Berdy,84.9,NA
21K199,P.S. 199 Frederick Wachtel,91.7,NA
21K209,P.S. 209 Margaret Mead,94.5,NA
21K212,P.S. 212 Lady Deborah Moody,92.5,77.8
21K215,P.S. 215 Morris H. Weiss,92.1,s
21K216,P.S. 216 Arturo Toscanini,88.9,89.9
21K225,P.S. K225 - The Eileen E. Zaglin,87.1,100.0
21K226,P.S. 226 Alfred De B. Mason,91.1,87.3
21K228,I.S. 228 David A. Boody,89.8,100.0
21K238,P.S. 238 Anne Sullivan,90.8,NA
21K239,Mark Twain I.S. 239 for the Gifted & Talented,95.2,100.0
21K253,P.S. 253,90.1,63.1
21K281,I.S. 281 Joseph B Cavallaro,93.2,94.0
21K288,P.S. 288 The Shirley Tanyhill,82.2,NA
21K303,I.S. 303 Herbert S. Eisenberg,89.0,NA
21K329,P.S. 329 Surfside,83.5,NA
21K337,International High School at Lafayette,81.1,NA
21K344,Rachel Carson High School for Coastal Studies,89.2,100.0
21K348,High School of Sports Management,67.0,NA
21K410,Abraham Lincoln High School,84.3,s
21K468,Kingsborough Early College School,90.0,100.0
21K525,Edward R. Murrow High School,91.0,100.0
21K540,John Dewey High School,88.6,s
21K559,Life Academy High School for Film and Music,73.2,100.0
21K572,Leaders High School,85.8,NA
21K620,William E. Grady Career and Technical Education Hi,82.0,NA
21K690,Brooklyn Studio Secondary School,91.3,NA
21K728,Liberation Diploma Plus,48.1,s
21K840,Brooklyn's Daily Discovery Pre-K Center,82.7,NA
22K014,J.H.S. 014 Shell Bank,86.9,NA
22K052,P.S. 052 Sheepshead Bay,91.5,NA
22K078,J.H.S. 078 Roy H. Mann,90.5,NA
22K109,P.S. 109,87.2,NA
22K119,P.S. 119 Amersfort,93.6,NA
22K134,P.S. K134,93.5,s
22K139,P.S. 139 Alexine A. Fenty,92.6,82.1
22K152,School of Science & Technology,91.6,NA
22K193,P.S. 193 Gil Hodges,87.0,NA
22K194,P.S. 194 Raoul Wallenberg,85.8,NA
22K195,P.S. 195 Manhattan Beach,94.7,96.5
22K197,P.S. 197 - The Kings Highway Academy,90.1,NA
22K198,P.S. 198 Brooklyn,90.2,NA
22K203,P.S. 203 Floyd Bennett School,92.5,NA
22K206,P.S. 206 Joseph F Lamb,93.5,NA
22K207,P.S. 207 Elizabeth G. Leary,93.1,100.0
22K217,P.S. 217 Colonel David Marcus School,86.2,NA
22K222,P.S. 222 Katherine R. Snyder,94.3,93.1
22K234,J.H.S. 234 Arthur W. Cunningham,89.2,s
22K236,P.S. 236 Mill Basin,93.5,NA
22K240,Andries Hudde,83.2,NA
22K245,P.S. 245,94.8,NA
22K251,P.S. 251 Paerdegat,85.8,NA
22K254,P.S. 254 Dag Hammarskjold,92.4,84.7
22K255,P.S. 255 Barbara Reing School,90.1,NA
22K277,P.S. 277 Gerritsen Beach,93.1,95.2
22K278,J.H.S. 278 Marine Park,89.3,95.2
22K312,P.S. 312 Bergen Beach,93.1,99.2
22K315,P.S. K315,90.8,NA
22K326,P.S. 326,91.3,80.5
22K361,P.S. 361 East Flatbush Early Childhood School,89.7,s
22K381,I. S. 381,89.2,s
22K405,Midwood High School,92.7,s
22K425,James Madison High School,87.8,26.5
22K535,Leon M. Goldstein High School for the Sciences,91.7,100.0
22K555,Brooklyn College Academy,95.3,NA
22K611,Origins High School,81.2,s
22K630,Professional Pathways High School,57.1,s
22K853,The Joan Snow Pre-K Center,86.4,NA
22K889,P.S. 889,94.3,NA
22K890,M.S. 890,93.4,s
23K041,P.S. 041 Francis White,78.2,NA
23K137,P.S./I.S. 137 Rachel Jean Mitchell,87.1,s
23K150,P.S. 150 Christopher,82.3,NA
23K155,P.S./ I.S. 155 Nicholas Herkimer,84.7,NA
23K156,P.S. 156 Waverly,86.4,NA
23K165,P.S. 165 Ida Posner,87.4,91.3
23K178,P.S. 178 Saint Clair Mckelway,78.3,NA
23K184,P.S. 184 Newport,88.5,NA
23K284,"The Gregory Jocko Jackson School of Sports, Art, a",84.1,NA
23K298,P.S. 298 Dr. Betty Shabazz,86.3,s
23K323,P.S./I.S. 323,85.9,NA
23K327,P.S. 327 Dr. Rose B. English,83.2,NA
23K363,Brownsville Collaborative Middle School,88.2,NA
23K392,I.S. 392,91.8,s
23K401,Christopher Avenue Community School,88.8,NA
23K446,Riverdale Avenue Community School,88.5,NA
23K493,Brooklyn Collegiate: A College Board School,80.5,100.0
23K514,Frederick Douglass Academy VII High School,89.3,s
23K518,Kappa V (Knowledge and Power Preparatory Academy),87.8,NA
23K522,Mott Hall IV,88.2,NA
23K599,Brooklyn Landmark Elementary School,92.3,92.6
23K643,Brooklyn Democracy Academy,52.5,NA
23K644,Eagle Academy for Young Men II,86.0,NA
23K647,Metropolitan Diploma Plus High School,47.2,NA
23K664,Brooklyn Environmental Exploration School (BEES),94.1,s
23K668,Riverdale Avenue Middle School,87.0,s
23K671,Mott Hall Bridges Academy,89.4,NA
23K697,Teachers Preparatory High School,70.7,NA
24Q005,I.S. 5 - The Walter Crowley Intermediate School,92.9,80.0
24Q007,P.S. 007 Louis F. Simeone,91.4,s
24Q012,P.S. 012 James B. Colgate,92.7,NA
24Q013,P.S. 013 Clement C. Moore,92.3,79.1
24Q014,P.S. 014 Fairview,89.5,NA
24Q016,P.S. Q016 The Nancy DeBenedittis School,93.6,NA
24Q019,P.S. 019 Marino Jeantet,93.6,s
24Q028,P.S. 28 - The Thomas Emanuel Early Childhood Cente,91.6,NA
24Q049,P.S. 049 Dorothy Bonawit Kole,95.4,100.0
24Q058,P.S. 58 - The School of Heroes,93.7,100.0
24Q061,I.S. 061 Leonardo Da Vinci,88.6,68.8
24Q068,P.S. 068 Cambridge,92.5,NA
24Q071,P.S. 071 Forest,92.5,NA
24Q073,I.S. 73 - The Frank Sansivieri Intermediate School,91.9,s
24Q077,Joseph F. Quinn Intermediate School 77,90.0,NA
24Q081,P.S. 81Q Jean Paul Richter,92.8,s
24Q087,P.S./I.S. 087 Middle Village,93.9,100.0
24Q088,P.S. 088 Seneca,92.7,NA
24Q089,P.S. 089 Elmhurst,92.3,NA
24Q091,P.S. 091 Richard Arkwright,90.0,3.7
24Q093,I.S. 093 Ridgewood,92.7,s
24Q102,P.S. 102 Bayview,93.1,NA
24Q110,P.S. 110,90.5,80.3
24Q113,P.S./I.S. 113 Anthony J. Pranzo,96.2,94.2
24Q119,P.S./I.S. 119 The Glendale,93.8,95.0
24Q125,I.S. 125 Thom J. McCann Woodside,93.9,NA
24Q128,"P.S. 128 The Lorraine Tuzzo, Juniper Valley Elemen",95.9,NA
24Q143,P.S. 143 Louis Armstrong,90.5,75.0
24Q153,P.S. 153 Maspeth Elem,92.5,91.1
24Q199,P.S. 199 Maurice A. Fitzgerald,89.5,76.9
24Q211,Elm Tree Elementary School,92.2,100.0
24Q229,P.S. 229 Emanuel Kaplan,91.0,100.0
24Q236,International High School for Health Sciences,81.9,s
24Q239,P.S. 239,91.5,NA
24Q264,Academy of Finance and Enterprise,91.6,NA
24Q267,High School of Applied Communication,90.8,s
24Q290,A.C.E. Academy for Scholars at the Geraldine Ferra,94.8,95.0
24Q293,Civic Leadership Academy,91.7,s
24Q296,Pan American International High School,88.7,s
24Q299,Bard High School Early College Queens,97.1,NA
24Q305,Learners and Leaders,88.2,NA
24Q307,Pioneer Academy,94.9,s
24Q311,Corona Arts & Sciences Academy,93.8,NA
24Q330,Helen M. Marshall School,90.2,NA
24Q331,Mosaic Pre-K Center,86.9,81.7
24Q343,The Children's Lab School,93.6,s
24Q455,Newtown High School,90.3,NA
24Q485,Grover Cleveland High School,83.2,98.5
24Q520,Middle College High School at LaGuardia Community,91.4,NA
24Q530,International High School at LaGuardia Community C,91.3,NA
24Q550,High School for Arts and Business,92.9,s
24Q560,"Robert F. Wagner, Jr. Secondary School for Arts an",90.7,NA
24Q585,Maspeth High School,94.0,NA
24Q600,Queens Technical High School,88.8,NA
24Q610,Aviation Career & Technical Education High School,93.9,100.0
24Q744,VOYAGES Preparatory,50.2,NA
25Q020,P.S. 020 John Bowne,91.7,91.0
25Q021,P.S. 021 Edward Hart,93.3,100.0
25Q022,P.S. 022 Thomas Jefferson,95.7,NA
25Q024,P.S. 024 Andrew Jackson,94.1,s
25Q025,I.S. 025 Adrien Block,96.9,100.0
25Q029,P.S. 029 Queens,91.4,NA
25Q032,P.S. 032 State Street,95.6,88.2
25Q079,P.S. 079 Francis Lewis,91.8,32.3
25Q107,P.S. 107 Thomas A Dooley,93.5,NA
25Q120,P.S. 120 Queens,92.7,84.5
25Q129,P.S. 129 Patricia Larkin,91.9,NA
25Q130,P.S. 130,94.8,89.5
25Q154,P.S. 154 Queens,91.7,95.7
25Q163,P.S. 163 Flushing Heights,93.1,NA
25Q164,P.S. 164 Queens Valley,88.6,0.0
25Q165,P.S. 165 Edith K. Bergtraum,92.3,s
25Q169,P.S. 169 Bay Terrace,97.1,NA
25Q184,P.S. 184 Flushing Manor,93.9,99.0
25Q185,J.H.S. 185 Edward Bleeker,95.2,84.9
25Q189,J.H.S. 189 Daniel Carter Beard,95.3,NA
25Q193,P.S. 193 Alfred J. Kennedy,94.9,NA
25Q194,J.H.S. 194 William Carr,93.2,77.9
25Q200,P.S./M.S. 200 - The Magnet School of Global Studie,91.5,78.7
25Q201,P.S. 201 The Discovery School for Inquiry and Rese,89.2,99.4
25Q209,P.S. 209 Clearview Gardens,96.7,NA
25Q214,P.S. 214 Cadwallader Colden,95.2,s
25Q219,P.S. 219 Paul Klapper,93.3,90.4
25Q237,I.S. 237,94.5,77.8
25Q240,Veritas Academy,89.8,NA
25Q241,Queens High School for Language Studies,94.7,NA
25Q242,P.S. 242 Leonard P. Stavisky Early Childhood Schoo,91.2,NA
25Q244,The Active Learning Elementary School,96.3,NA
25Q250,I.S. 250 The Robert F. Kennedy Community Middle Sc,90.2,s
25Q252,"Queens School of Inquiry, The",95.2,NA
25Q263,Flushing International High School,84.5,0.0
25Q281,East-West School of International Studies,93.8,s
25Q285,World Journalism Preparatory: A College Board Scho,95.6,NA
25Q294,BELL Academy,97.2,s
25Q379,College Point Collaborative,93.6,NA
25Q409,District 25 PRE-K Center,85.7,82.0
25Q425,John Bowne High School,81.7,100.0
25Q460,Flushing High School,82.1,100.0
25Q499,"The Queens College School for Math, Science and Te",95.2,80.0
25Q525,Townsend Harris High School,98.7,s
25Q540,Queens Academy High School,41.4,NA
25Q670,Robert F. Kennedy Community High School,90.1,NA
25Q792,North Queens Community High School,49.1,s
26Q018,P.S. 018 Winchester,89.0,NA
26Q026,P.S. 026 Rufus King,92.5,s
26Q031,P.S. 031 Bayside,91.4,s
26Q041,P.S. 041 Crocheron,93.1,NA
26Q046,P.S. 046 Alley Pond,95.0,NA
26Q067,J.H.S. 067 Louis Pasteur,98.1,100.0
26Q074,J.H.S. 074 Nathaniel Hawthorne,95.3,NA
26Q094,P.S. 094 David D. Porter,97.6,NA
26Q098,P.S. 098 The Douglaston School,96.3,s
26Q115,The James J. Ambrose School,89.2,72.6
26Q133,P.S. 133 Queens,94.5,s
26Q158,M.S. 158 Marie Curie,95.6,s
26Q159,P.S. 159,94.8,NA
26Q162,P.S. 162 John Golden,95.5,NA
26Q172,Irwin Altman Middle School 172,96.0,NA
26Q173,P.S. 173 Fresh Meadows,95.3,42.6
26Q178,P.S./ IS 178 Holliswood,93.9,NA
26Q186,P.S. 186 Castlewood,95.8,NA
26Q188,P.S. 188 Kingsbury,95.9,s
26Q191,P.S. 191 Mayflower,93.3,NA
26Q203,P.S. 203 Oakland Gardens,97.1,NA
26Q205,P.S. 205 Alexander Graham Bell,95.2,s
26Q213,P.S. 213 The Carl Ullman School,89.8,s
26Q216,J.H.S. 216 George J. Ryan,92.3,s
26Q221,P.S. 221 The North Hills School,96.9,NA
26Q266,P.S./I.S. 266,95.1,100.0
26Q315,Business Technology Early College High School,90.1,98.3
26Q376,P.S. 376,95.3,NA
26Q390,The CIVIC School of Bayside Hills,94.4,NA
26Q415,Benjamin N. Cardozo High School,88.6,0.0
26Q430,Francis Lewis High School,92.9,s
26Q435,Martin Van Buren High School,83.7,21.6
26Q495,Bayside High School,95.3,s
26Q566,"Queens High School of Teaching, Liberal Arts and t",87.8,NA
27Q042,P.S./M.S 042 R. Vernam,88.3,NA
27Q043,P.S. 043,75.7,9.0
27Q045,P.S. 045 Clarence Witherspoon,90.8,NA
27Q047,P.S. 047 Chris Galas,93.3,NA
27Q051,P.S. 051,89.8,NA
27Q053,M.S. 053 Brian Piccolo,86.5,NA
27Q056,P.S. 056 Harry Eichler,91.7,NA
27Q060,P.S. 060 Woodhaven,89.7,60.0
27Q062,P. S. 62 - Chester Park School,88.5,93.5
27Q063,P.S. 063 Old South,89.4,87.0
27Q064,P.S. 064 Joseph P. Addabbo,88.3,NA
27Q065,P.S. 65 - The Raymond York Elementary School,90.3,NA
27Q066,P.S. 066 Jacqueline Kennedy Onassis,93.6,NA
27Q090,P.S. 090 Horace Mann,90.8,86.2
27Q096,P.S. 096,92.5,NA
27Q097,P.S. 097 Forest Park,90.8,NA
27Q100,P.S. 100 Glen Morris,89.5,100.0
27Q104,P.S. 104 The Bays Water,89.7,NA
27Q105,P.S. 105 The Bay School,86.1,s
27Q106,Lighthouse Elementary School,80.9,NA
27Q108,P.S. 108 Captain Vincent G. Fowler,92.8,94.7
27Q114,P.S./M.S. 114 Belle Harbor,95.3,s
27Q123,P.S. 123,91.6,NA
27Q124,P.S. 124 Osmond A Church,92.5,NA
27Q137,M.S. 137 America's School of Heroes,92.4,88.7
27Q146,P.S. 146 Howard Beach,93.3,80.5
27Q155,P.S. 155,91.0,77.8
27Q183,P.S. 183 Dr. Richard R. Green,83.5,NA
27Q197,P.S. 197 The Ocean School,87.1,NA
27Q202,J.H.S. 202 Robert H. Goddard,90.2,98.7
27Q207,P.S. 207 Rockwood Park,95.1,NA
27Q210,J.H.S. 210 Elizabeth Blackwell,88.3,99.4
27Q223,P.S. 223 Lyndon B. Johnson,91.2,0.0
27Q226,J.H.S. 226 Virgil I. Grissom,84.7,s
27Q232,P.S. 232 Lindenwood,94.8,100.0
27Q253,P.S. 253,88.7,NA
27Q254,P.S. 254 - The Rosa Parks School,92.6,s
27Q260,Frederick Douglass Academy VI High School,70.4,NA
27Q261,Voyages Prep - South Queens,44.7,NA
27Q262,Channel View School for Research,90.3,s
27Q273,P.S. 273,92.7,NA
27Q282,Knowledge and Power Preparatory Academy VI,94.1,s
27Q297,Hawtree Creek Middle School,92.8,s
27Q302,"Queens High School for Information, Research, and",86.4,NA
27Q306,New York City Academy for Discovery,91.2,NA
27Q308,Robert H. Goddard High School of Communication Art,89.8,67.0
27Q309,Academy of Medical Technology: A College Board Sch,79.9,63.9
27Q314,Epic High School - South,87.6,s
27Q316,Queens Explorers Elementary School,92.8,NA
27Q317,Waterside Children's Studio School,93.7,s
27Q318,Waterside School For Leadership,90.2,s
27Q319,Village Academy,87.8,NA
27Q323,Scholars' Academy,97.0,100.0
27Q324,Rockaway Park High School for Environmental Sustai,72.0,100.0
27Q333,Goldie Maple Academy,91.0,NA
27Q334,Epic High School - North,87.7,NA
27Q336,Curious Young Learners Pre-K Center,83.6,67.5
27Q351,Rockaway Collegiate High School,67.4,NA
27Q362,Wave Preparatory Elementary School,91.3,NA
27Q377,P.S. 377,90.2,NA
27Q400,August Martin High School,82.0,100.0
27Q475,Richmond Hill High School,86.6,46.3
27Q480,John Adams High School,85.4,100.0
27Q650,"High School for Construction Trades, Engineering a",96.1,53.8
28Q008,J.H.S. 008 Richard S. Grossley,87.2,NA
28Q040,P.S. 040 Samuel Huntington,88.1,NA
28Q048,David N. Dinkins School,90.9,s
28Q050,P.S. 050 Talfourd Lawn Elementary School,89.5,20.3
28Q054,P.S. 054 Hillside,91.4,NA
28Q055,P.S. 055 Maure,91.5,NA
28Q072,Catherine & Count Basie Middle School 72,86.7,NA
28Q080,PS 80  The Thurgood Marshall Magnet School of Mult,91.6,NA
28Q082,P.S. 082 Hammond,90.9,NA
28Q086,P.S. Q086,90.3,s
28Q099,P.S. 099 Kew Gardens,94.0,NA
28Q101,P.S. 101 School in the Gardens,95.2,100.0
28Q117,P.S. 117 J. Keld / Briarwood School,86.9,100.0
28Q121,P.S. 121 Queens,90.3,86.0
28Q139,P.S. 139 Rego Park,92.5,NA
28Q140,P.S. 140 Edward K Ellington,90.4,100.0
28Q144,P.S. 144 Col Jeromus Remsen,96.2,s
28Q157,J.H.S. 157 Stephen A. Halsey,93.2,99.0
28Q160,P.S. 160 Walter Francis Bishop,89.9,75.2
28Q161,P.S. 161 Arthur Ashe School,90.9,0.0
28Q167,Metropolitan Expeditionary Learning School,94.6,35.7
28Q174,P.S. 174 William Sidney Mount,95.1,s
28Q175,P.S. 175 The Lynn Gross Discovery School,90.5,NA
28Q182,P.S. 182 Samantha Smith,91.0,81.3
28Q190,J.H.S. 190 Russell Sage,89.9,100.0
28Q196,P.S. 196 Grand Central Parkway,95.5,NA
28Q206,P.S. 206 The Horace Harding School,88.5,NA
28Q217,J.H.S. 217 Robert A. Van Wyck,89.2,72.5
28Q220,P.S. 220 Edward Mandel,92.7,s
28Q284,York Early College Academy,93.4,NA
28Q287,The Emerson School,84.0,NA
28Q303,The Academy for Excellence through the Arts,95.3,NA
28Q310,Queens Collegiate: A College Board School,89.8,100.0
28Q312,Jamaica Children's School,90.7,NA
28Q325,Hillside Arts & Letters Academy,86.4,NA
28Q328,High School for Community Leadership,84.5,s
28Q332,Redwood Middle School,88.9,NA
28Q335,The Ezra Jack Keats Pre-K Center,75.6,NA
28Q338,Queens Satellite High School for Opportunity,57.3,NA
28Q349,The Queens School for Leadership and Excellence,89.9,NA
28Q350,Jamaica Gateway to the Sciences,85.0,NA
28Q354,The Jermaine L. Green STEM Institute of Queens,91.9,NA
28Q358,M.S. 358,92.8,NA
28Q440,Forest Hills High School,92.1,99.7
28Q505,Hillcrest High School,89.1,s
28Q620,Thomas A. Edison Career and Technical Education Hi,93.8,98.8
28Q680,Queens Gateway to Health Sciences Secondary School,92.6,s
28Q686,Queens Metropolitan High School,91.4,99.2
28Q687,Queens High School for the Sciences at York Colleg,99.1,NA
28Q690,High School for Law Enforcement and Public Safety,82.1,NA
28Q896,"Young Women's Leadership School, Queens",91.7,NA
29Q015,P.S. 015 Jackie Robinson,89.7,s
29Q033,P.S. 033 Edward M. Funk,90.0,NA
29Q034,P.S. 034 John Harvard,89.8,NA
29Q035,P.S. 035 Nathaniel Woodhull,89.2,NA
29Q036,P.S. 036 Saint Albans School,89.3,NA
29Q037,Cynthia Jenkins School,89.0,NA
29Q038,P.S. 038 Rosedale,91.4,NA
29Q052,P.S. 052 Queens,86.3,s
29Q059,I.S. 059 Springfield Gardens,86.0,NA
29Q095,P.S. 095 Eastwood,82.9,NA
29Q109,Jean Nuzzi Intermediate School,94.3,29.4
29Q116,P.S./I.S. 116 William C. Hughley,83.6,70.0
29Q118,P.S. 118 Lorraine Hansberry,87.3,60.6
29Q131,P.S. 131 Abigail Adams,92.8,97.5
29Q132,P.S. 132 Ralph Bunche,86.6,NA
29Q134,P.S. 134 Hollis,93.1,NA
29Q135,The Bellaire School,90.4,76.1
29Q136,P.S. 136 Roy Wilkins,87.0,NA
29Q138,P.S./M.S. 138 Sunrise,91.2,NA
29Q147,P.S./M.S. 147 Ronald McNair,85.8,NA
29Q156,P.S. 156 Laurelton,88.9,NA
29Q176,P.S. 176 Cambria Heights,91.2,NA
29Q181,P.S. 181 Brookfield,88.1,NA
29Q192,I.S. 192 The Linden,90.4,97.1
29Q195,P.S. 195 William Haberle,90.4,NA
29Q208,P.S./I.S. 208,84.3,NA
29Q238,I.S. 238 - Susan B. Anthony Academy,85.6,100.0
29Q243,Institute for Health Professions at Cambria Height,87.6,NA
29Q248,Queens Preparatory Academy,80.2,NA
29Q251,P.S. 251 Queens,90.5,NA
29Q259,Pathways College Preparatory School: A College Boa,89.1,100.0
29Q265,Excelsior Preparatory High School,87.0,NA
29Q268,P.S./I.S. 268,89.9,NA
29Q270,The Gordon Parks School,88.7,NA
29Q272,George Washington Carver High School for the Scien,86.8,s
29Q283,Preparatory Academy for Writers: A College Board S,89.8,s
29Q289,Queens United Middle School,86.3,NA
29Q295,P.S./I.S. 295,91.8,NA
29Q313,Benjamin Franklin High School for Finance & Inform,81.0,NA
29Q326,Cambria Heights Academy,86.7,NA
29Q327,Eagle Academy for Young Men III,84.7,s
29Q355,Collaborative Arts Middle School,86.2,NA
29Q356,Community Voices Middle School,87.8,NA
29Q360,P.S. 360,95.0,s
29Q381,District 29 Pre-K Center,50.4,NA
29Q492,"Mathematics, Science Research and Technology Magne",81.4,NA
29Q498,Humanities & Arts Magnet High School,87.0,NA
30Q002,P.S. 002 Alfred Zimberg,92.9,NA
30Q010,I.S. 010 Horace Greeley,92.9,NA
30Q011,P.S. 011 Kathryn Phelan,92.7,100.0
30Q017,P.S. 017 Henry David Thoreau,89.8,100.0
30Q069,P.S. 069 Jackson Heights,94.0,NA
30Q070,P.S. 070,91.4,NA
30Q076,P.S. 076 William Hallet,89.0,NA
30Q078,P.S./I.S. 78Q,94.3,NA
30Q084,P.S. 084 Steinway,92.0,NA
30Q085,P.S. 085 Judge Charles Vallone,94.9,NA
30Q092,P.S. 092 Harry T. Stewart Sr.,93.7,90.2
30Q111,P.S. 111 Jacob Blackwell,85.2,68.3
30Q112,P.S. 112 Dutch Kills,87.3,NA
30Q122,P.S. 122 Mamie Fay,94.5,s
30Q126,Albert Shanker School for Visual and Performing Ar,91.7,68.6
30Q127,P.S. 127 Aerospace Science Magnet School,91.0,s
30Q141,I.S. 141 The Steinway,92.7,91.3
30Q145,I.S. 145 Joseph Pulitzer,94.3,NA
30Q148,P.S. 148 Queens,90.5,0.0
30Q149,P.S. 149 Christa McAuliffe,93.1,97.8
30Q150,P.S. 150 Queens,95.0,s
30Q151,P.S. 151 Mary D. Carter,88.8,NA
30Q152,P.S. 152 Gwendoline N. Alleyne School,92.4,NA
30Q166,P.S. 166 Henry Gradstein,93.4,s
30Q171,P.S. 171 Peter G. Van Alst,88.5,NA
30Q204,I.S. 204 Oliver W. Holmes,91.7,NA
30Q212,P.S. 212,94.2,s
30Q222,P.S. Q222 - Fire Fighter Christopher A. Santora Sc,90.1,NA
30Q227,I.S. 227 Louis Armstrong,92.2,NA
30Q228,The Ivan Lafayette Early Childhood School of the A,95.1,NA
30Q230,I.S. 230,95.7,NA
30Q234,P.S. 234,92.6,86.8
30Q235,Academy for New Americans,93.8,NA
30Q258,Energy Tech High School,91.3,31.4
30Q280,PS280Q: Home of the Lionhearts,91.0,NA
30Q286,"Young Women's Leadership School, Astoria",95.1,NA
30Q291,Hunters Point Community Middle School,94.6,s
30Q300,The 30th Avenue School (G&T Citywide),97.5,s
30Q301,Academy for Careers in Television and Film,92.7,100.0
30Q329,East Elmhurst Community School,90.5,NA
30Q361,The Woodside Community School,93.1,NA
30Q384,Hunters Point Elementary School,93.9,100.0
30Q389,District 30 Pre-K Center,82.8,NA
30Q398,The Hector Figueroa School,89.9,NA
30Q445,William Cullen Bryant High School,80.7,19.2
30Q450,Long Island City High School,84.7,99.5
30Q501,Frank Sinatra School of the Arts High School,92.3,s
30Q502,Information Technology High School,89.8,NA
30Q555,Newcomers High School,71.7,NA
30Q575,Academy of American Studies,94.7,NA
30Q580,Baccalaureate School for Global Education,96.9,NA
31R001,P.S. 001 Tottenville,94.9,99.6
31R002,I.S. R002 George L. Egbert,93.9,99.8
31R003,P.S. 003 The Margaret Gioiosa School,96.1,s
31R004,P.S. 004 Maurice Wollin,94.0,s
31R005,P.S. 005 Huguenot,96.8,99.8
31R006,P.S. 6 Corporal Allan F. Kivlehan School,94.0,98.7
31R007,I.S. 007 Elias Bernstein,96.2,100.0
31R008,P.S. 8 Shirlee Solomon,96.1,72.2
31R009,Naples Street Elementary School,96.6,96.8
31R010,Fort Hill Collaborative Elementary School,85.4,82.8
31R011,P.S. 11 Thomas Dongan School,88.2,71.7
31R013,P.S. 013 M. L. Lindemeyer,92.0,s
31R016,P.S. 016 John J. Driscoll,83.4,68.3
31R018,P.S. 018 John G. Whittier,85.8,NA
31R019,P.S. 019 The Curtis School,92.1,s
31R020,P.S. 020 Port Richmond,90.3,NA
31R021,P.S. 21 Margaret Emery-Elm Park,89.2,s
31R022,P.S. 022 Graniteville,91.1,NA
31R023,P.S. 023 Richmondtown,94.2,NA
31R024,I.S. 024 Myra S. Barnes,94.5,100.0
31R026,P.S. 026 The Carteret School,96.5,99.5
31R027,I.S. 027 Anning S. Prall,90.0,s
31R028,The Eagle Academy for Young Men of Staten Island,86.3,81.5
31R029,P.S. 029 Bardwell,92.1,85.4
31R030,P.S. 030 Westerleigh,92.8,NA
31R031,P.S. 031 William T. Davis,88.3,NA
31R032,P.S. 032 The Gifford School,93.8,88.8
31R034,I.S. 034 Tottenville,95.9,100.0
31R035,P.S. 35 The Clove Valley School,95.3,NA
31R036,P.S. 036 J. C. Drumgoole,93.9,92.9
31R038,P.S. 038 George Cromwell,94.6,NA
31R039,P.S. 39 Francis J. Murphy Jr.,93.3,NA
31R041,The Stephanie A. Vierno School,93.9,99.8
31R042,P.S. 042 Eltingville,96.3,98.5
31R044,P.S. 044 Thomas C. Brown,86.4,NA
31R045,P.S. 045 John Tyler,93.2,NA
31R046,P.S. 046 Albert V. Maniscalco,87.8,82.4
31R047,CSI High School for International Studies,93.6,NA
31R048,P.S. 048 William G. Wilcox,95.4,100.0
31R049,I.S. 49 Berta A. Dreyfus,84.2,s
31R050,P.S. 050 Frank Hankinson,95.0,NA
31R051,I.S. 051 Edwin Markham,88.3,0.0
31R052,P.S. 052 John C. Thompson,93.8,0.0
31R053,The Barbara Esselborn School,94.6,89.9
31R054,P.S. 054 Charles W. Leng,93.2,100.0
31R055,P.S. 055 Henry M. Boehm,95.2,92.9
31R056,P.S. 56 The Louis Desario School,94.0,NA
31R057,P.S. 057 Hubert H. Humphrey,86.5,NA
31R058,Space Shuttle Columbia School,91.0,38.9
31R059,The Harbor View School,90.4,s
31R060,P.S. 060 Alice Austen,91.7,s
31R061,I.S. 061 William A Morris,87.7,100.0
31R062,The Kathleen Grimm School for Leadership and Susta,95.8,97.9
31R063,Marsh Avenue School for Expeditionary Learning,95.8,91.0
31R064,Gaynor McCown Expeditionary Learning School,88.1,s
31R065,P.S. 65 The Academy of Innovative Learning,92.8,NA
31R066,The Richmond Pre-K Center,80.6,NA
31R068,Port Richmond School for Visionary Learning,91.4,91.8
31R069,P.S. 069 Daniel D. Tompkins,95.0,87.4
31R072,I.S. 072 Rocco Laurie,92.2,NA
31R074,P.S. 74 Future Leaders Elementary School,87.4,s
31R075,I.S. 075 Frank D. Paulo,96.9,99.1
31R078,P.S. 78,85.9,NA
31R080,The Michael J. Petrides School,91.3,100.0
31R440,New Dorp High School,91.4,98.0
31R445,Port Richmond High School,83.4,0.0
31R450,Curtis High School,84.4,100.0
31R455,Tottenville High School,90.2,s
31R460,Susan E. Wagner High School,91.1,100.0
31R470,Concord High School,56.9,s
31R600,Ralph R. McKee Career and Technical Education High,81.6,NA
31R605,Staten Island Technical High School,98.6,s
31R861,Staten Island School of Civic Leadership,91.2,100.0
32K045,P.S./I.S. 045 Horace E. Greene,88.0,s
32K075,P.S. 075 Mayda Cortiella,89.9,NA
32K086,P.S. 086 The Irvington,88.7,NA
32K106,P.S. 106 Edward Everett Hale,88.6,s
32K116,P.S. 116 Elizabeth L Farrell,91.2,NA
32K123,P.S. 123 Suydam,90.5,100.0
32K145,P.S. 145 Andrew Jackson,89.8,s
32K151,P.S. 151 Lyndon B. Johnson,90.4,100.0
32K162,J.H.S. 162 The Willoughby,91.8,93.0
32K168,The Brooklyn School for Math and Research,83.7,NA
32K274,P.S. 274 Kosciusko,88.6,NA
32K291,J.H.S. 291 Roland Hayes,89.7,100.0
32K299,P.S. 299 Thomas Warren Field,90.4,NA
32K347,I.S. 347 School of Humanities,92.2,NA
32K349,"I.S. 349 Math, Science & Tech.",89.1,NA
32K376,P.S. 376,93.3,80.6
32K377,P.S. 377 Alejandrina B. De Gautier,88.1,NA
32K383,J.H.S. 383 Philippa Schuyler,93.4,77.6
32K384,P.S. /I.S. 384 Frances E. Carter,87.7,NA
32K403,Academy for Excellence in Leadership,86.6,100.0
32K545,EBC High School for Public Service - Bushwick,80.2,100.0
32K549,The Brooklyn School for Social Justice,74.3,NA
32K552,The Academy of Urban Planning and Engineering,85.5,s
32K554,All City Leadership Secondary School,95.5,94.2
32K556,Bushwick Leaders High School for Academic Excellen,82.3,NA
32K562,Evergreen Middle School for Urban Exploration,89.2,NA
32K564,Bushwick Community High School,37.1,7.2
75K004,P.S. K004,77.3,s
75K036,P.S. 36,76.0,s
75K053,P.S. K053,72.7,NA
75K077,P.S. K077,80.8,NA
75K140,P.S. K140,78.5,s
75K141,P.S. K141,72.2,54.2
75K231,P.S. K231,80.9,32.1
75K368,P.S. 368,70.9,NA
75K369,P.S. K369 - Coy L. Cox School,79.8,s
75K370,P.S. 370,77.1,NA
75K371,P.S. 371 - Lillian L. Rashkis,66.1,NA
75K372,P.S. 372 -The Children's School,88.7,s
75K373,P.S. 373 - Brooklyn Transition Center,71.5,NA
75K396,Sid Miller Academy,68.5,s
75K721,P.S. K721 - Brooklyn Occupational Training Center,72.5,NA
75K753,P.S. K753 - School for Career Development,58.5,s
75K771,P.S. K771,78.3,59.9
75K811,P.S. K811 Connie Lekas School,66.3,s
75M035,P.S. 035,64.6,NA
75M079,P.S. M079 - Horan School,48.4,45.8
75M094,P.S. M094,81.2,100.0
75M138,P.S. 138,72.9,NA
75M169,P.S. M169 - Robert F. Kennedy,78.0,0.0
75M226,P.S. M226,84.7,NA
75M721,P.S. M721 - Manhattan Occupational Training Center,65.5,NA
75M751,Manhattan School for Career Development,70.5,NA
75M811,P.S. M811 - Mickey Mantle School,77.3,41.7
75Q004,P.S. Q004,84.6,95.5
75Q009,P.S. 009,76.9,77.4
75Q023,P.S. Q023 @ Queens Children Center,78.4,92.9
75Q075,Robert E. Peary School,78.3,NA
75Q177,P.S. Q177,79.6,44.4
75Q224,P.S. Q224,84.5,81.7
75Q233,P.S. Q233,78.9,s
75Q255,P.S. Q255,87.7,NA
75Q256,P.S. Q256,75.5,NA
75Q277,The Riverview School,83.0,s
75Q721,John F. Kennedy Jr. School,75.6,NA
75Q752,Queens Transition Center,56.3,NA
75Q811,P.S. Q811,78.2,s
75Q993,P.S. Q993,77.3,100.0
75R025,South Richmond High School I.S./P.S. 25,77.8,93.5
75R037,The David Marquis School of the Arts,84.5,NA
75R373,P.S. R373,86.6,76.7
75R721,The Richard H. Hungerford School,81.4,63.0
75X010,P.S. X010,77.7,s
75X012,P.S. X012 Lewis and Clark School,67.8,NA
75X017,P.S. X017,79.1,NA
75X168,P.S. 168,73.8,NA
75X176,P.S. X176,75.1,s
75X186,P186X Walter J. Damrosch School,76.6,s
75X188,P.S. X188,75.8,s
75X352,The Vida Bogart School for All Children,80.5,s
75X469,P469X - The Bronx School for Continuous Learners,72.5,NA
75X596,P.S. X596,83.2,NA
75X721,P.S. X721 - Stephen McSweeney School,64.7,s
75X723,P.S. 723,77.5,100.0
75X754,J. M. Rapport School Career Development,53.9,NA
75X811,P.S. X811,65.7,NA
